Date,Contributions
2025-05-18,1
2025-05-19,1
2025-05-20,1
2025-05-21,4
2025-05-22,3
2025-05-23,1
2025-05-24,1
2025-05-25,5
2025-05-26,3
2025-05-27,3
2025-05-28,1
2025-05-29,2
2025-05-30,1
2025-05-31,1
2025-06-01,2
2025-06-02,2
2025-06-03,1
2025-06-04,1
2025-06-05,1
2025-06-06,1
2025-06-07,1
2025-06-08,1
2025-06-09,1
2025-06-10,3
2025-06-11,1
2025-06-12,1
2025-06-13,1
2025-06-14,1
2025-06-15,1
2025-06-16,5
2025-06-17,1
2025-06-18,4
2025-06-19,1
2025-06-20,1
2025-06-21,3
2025-06-22,1
2025-06-23,3
2025-06-24,1
2025-06-25,1
2025-06-26,8
2025-06-27,1
2025-06-28,1
2025-06-29,1
2025-06-30,1
2025-07-01,1
2025-07-02,1
2025-07-03,1
2025-07-04,1
2025-07-05,1
2025-07-06,1
2025-07-07,1
2025-07-08,1
2025-07-09,1
2025-07-10,1
2025-07-11,2
2025-07-12,1
2025-07-13,1
2025-07-14,2
2025-07-15,75
2025-07-16,6
2025-07-17,6
2025-07-18,5
2025-07-19,4
2025-07-20,4
2025-07-21,6
2025-07-22,4
2025-07-23,4
2025-07-24,7
2025-07-25,5
2025-07-26,9
2025-07-27,9
2025-07-28,9
2025-07-29,13
2025-07-30,5
2025-07-31,17
2025-08-01,9
2025-08-02,9
2025-08-03,13
2025-08-04,11
2025-08-05,13
2025-08-06,13
2025-08-07,16
2025-08-08,22
2025-08-09,12
2025-08-10,11
2025-08-11,13
2025-08-12,17
2025-08-13,11
2025-08-14,15
2025-08-15,2
2025-08-16,1
2025-08-17,1
2025-08-18,1
2025-08-19,3
2025-08-20,2
2025-08-21,1
2025-08-22,2
2025-08-23,1
2025-08-24,1
2025-08-25,0
